{
  "podcast_name": "det_store_bilded",
  "fingerprint": {
    "mfcc": [
      -291.7977294921875,
      120.66320037841797,
      -2.811947822570801,
      31.384586334228516,
      2.3207459449768066,
      17.718151092529297,
      -5.162698268890381,
      1.361339807510376,
      -3.707059621810913,
      -9.678397178649902,
      -1.666825532913208,
      -5.305357456207275,
      3.4190855026245117
    ],
    "duration": 18.0,
    "peaks": [
      [
        14.8,
        546.030029296875
      ],
      [
        15.3,
        437.3572998046875
      ],
      [
        14.9,
        423.3341064453125
      ],
      [
        9.4,
        417.23345947265625
      ],
      [
        9.9,
        370.26995849609375
      ],
      [
        5.8,
        318.66162109375
      ],
      [
        8.0,
        268.48712158203125
      ],
      [
        15.0,
        253.76309204101562
      ],
      [
        4.8,
        249.9357452392578
      ],
      [
        8.6,
        243.52487182617188
      ]
    ],
    "sr": 44100
  },
  "source": "intro_reference_det_store_bilded.mp3",
  "registered": "2026-03-11T11:25:11.028428",
  "intro_timestamps": {
    "start": 57,
    "end": 75
  }
}